{"operation":"addVertex","vertexList":[{"positionX":534.7912524850894,"positionY":399.6023856858847},{"positionX":534.7912524850894,"positionY":768.389662027833},{"positionX":342.94234592445326,"positionY":743.5387673956262},{"positionX":707.7534791252485,"positionY":538.7673956262425}],"edgeList":[],"selectedVertex":null,"path":""}